<?xml version="1.0" encoding="UTF-8"?>

<!-- ===================================================================== -->
<!--                                                                       -->
<!--  JBoss Server Configuration                                           -->
<!--                                                                       -->
<!-- ===================================================================== -->

<!-- $Id: poolingjboss.xml,v 1.1 2010/07/15 22:22:58 rdyer Exp $ -->


<datasources>
  <local-tx-datasource>
    <jndi-name>AAPooling1</jndi-name>
    <connection-url>jdbc:mysql://192.168.1.119:3306/aa</connection-url>
    <driver-class>org.gjt.mm.mysql.Driver</driver-class>
    <user-name>root</user-name>
    <password></password>
    <min-pool-size>5</min-pool-size>
    <idle-timeout-minutes>5</idle-timeout-minutes>
    <!-- <security-domain>HsqlDbRealm</security-domain> -->
  </local-tx-datasource>
  <local-tx-datasource>
    <jndi-name>HealthWatcherPooling</jndi-name>
    <connection-url>jdbc:oracle:thin:@10.46.96.123:1521:TRAIN539</connection-url>
    <driver-class>oracle.jdbc.driver.OracleDriver</driver-class>
    <user-name>orbi2</user-name>
    <password>orbi2</password>
    <min-pool-size>5</min-pool-size>
    <idle-timeout-minutes>5</idle-timeout-minutes>
    <!-- <security-domain>HsqlDbRealm</security-domain> -->
  </local-tx-datasource>

</datasources>
